<?xml version="1.0" encoding="UTF-8"?>
<project-private xmlns="http://www.netbeans.org/ns/project-private/1">
    <editor-bookmarks xmlns="http://www.netbeans.org/ns/editor-bookmarks/2" lastBookmarkId="0"/>
    <open-files xmlns="http://www.netbeans.org/ns/projectui-open-files/2">
        <group>
            <file>file:/C:/Users/Aldemir%20Filho/Documents/NetBeansProjects/ProjetoP4/src/projetop4/TelaCadUser.java</file>
            <file>file:/C:/Users/Aldemir%20Filho/Documents/NetBeansProjects/ProjetoP4/src/projetop4/TelaCadEquip.java</file>
            <file>file:/C:/Users/Aldemir%20Filho/Documents/NetBeansProjects/ProjetoP4/src/projetop4/TelaRemoveEquip.java</file>
            <file>file:/C:/Users/Aldemir%20Filho/Documents/NetBeansProjects/ProjetoP4/src/projetop4/TelaBuscaEquip.java</file>
            <file>file:/C:/Users/Aldemir%20Filho/Documents/NetBeansProjects/ProjetoP4/src/projetop4/TelaRemoveFunc.java</file>
            <file>file:/C:/Users/Aldemir%20Filho/Documents/NetBeansProjects/ProjetoP4/src/projetop4/TelaEditEquip.java</file>
            <file>file:/C:/Users/Aldemir%20Filho/Documents/NetBeansProjects/ProjetoP4/src/projetop4/TelaReceberPag.java</file>
            <file>file:/C:/Users/Aldemir%20Filho/Documents/NetBeansProjects/ProjetoP4/src/projetop4/TelaRemoveUser.java</file>
            <file>file:/C:/Users/Aldemir%20Filho/Documents/NetBeansProjects/ProjetoP4/src/projetop4/TelaCadFunc.java</file>
            <file>file:/C:/Users/Aldemir%20Filho/Documents/NetBeansProjects/ProjetoP4/src/projetop4/Cliente.java</file>
            <file>file:/C:/Users/Aldemir%20Filho/Documents/NetBeansProjects/ProjetoP4/src/projetop4/TelaEfetuarPag.java</file>
            <file>file:/C:/Users/Aldemir%20Filho/Documents/NetBeansProjects/ProjetoP4/src/projetop4/TelaLogin.java</file>
            <file>file:/C:/Users/Aldemir%20Filho/Documents/NetBeansProjects/ProjetoP4/src/projetop4/Main.java</file>
            <file>file:/C:/Users/Aldemir%20Filho/Documents/NetBeansProjects/ProjetoP4/src/projetop4/TelaEditFunc.java</file>
            <file>file:/C:/Users/Aldemir%20Filho/Documents/NetBeansProjects/ProjetoP4/src/projetop4/TelaMenu.java</file>
            <file>file:/C:/Users/Aldemir%20Filho/Documents/NetBeansProjects/ProjetoP4/src/projetop4/TelaBuscarFunc.java</file>
            <file>file:/C:/Users/Aldemir%20Filho/Documents/NetBeansProjects/ProjetoP4/src/projetop4/TelaBuscaUser.java</file>
            <file>file:/C:/Users/Aldemir%20Filho/Documents/NetBeansProjects/ProjetoP4/src/projetop4/TelaEditUser.java</file>
        </group>
    </open-files>
</project-private>
